<wpml-config>
  <custom-fields>
    <custom-field action="translate">expire</custom-field>
    <custom-field action="translate">ctype</custom-field>
    <custom-field action="translate">exclusive</custom-field>
    <custom-field action="translate">used</custom-field>
    <custom-field action="translate">coupon_affiliate</custom-field>
    <custom-field action="translate">coupon_code</custom-field>
    <custom-field action="translate">coupon_url</custom-field>
    <custom-field action="translate">coupon_printable</custom-field>
  </custom-fields>
  <admin-texts>
    <key name="couponis">
      <key name="site_logo"/>
      <key name="enable_sticky"/>
      <key name="direction"/>
      <key name="custom_css"/>
      <key name="google_ads"/>
      <key name="google_ads_header"/>
      <key name="coupon_listing_style"/>
      <key name="coupon_listing_image"/>
      <key name="coupons_per_page"/>
      <key name="expired_stamp"/>
      <key name="list_empt_cats_stores"/>
      <key name="single_coupon_similar"/>
      <key name="single_coupon_similar_number"/>
      <key name="delete_coupon_images"/>
      <key name="delete_store_images"/>
      <key name="can_submit"/>
      <key name="trans_coupon"/>
      <key name="trans_coupon-category"/>
      <key name="trans_coupon-store"/>
      <key name="mail_chimp_api"/>
      <key name="mail_chimp_list_id"/>
      <key name="main_color"/>
      <key name="main_color_font"/>
      <key name="sale_badge_bg"/>
      <key name="sale_badge_font"/>
      <key name="exclusive_badge_bg"/>
      <key name="exclusive_badge_font"/>
      <key name="online_badge_bg"/>
      <key name="online_badge_font"/>
      <key name="in_store_badge_bg"/>
      <key name="in_store_badge_bg"/>
      <key name="action_btn_bg"/>
      <key name="action_btn_font"/>
      <key name="header_bg_color"/>
      <key name="header_font_color"/>
      <key name="header_font_color_active"/>
      <key name="navigation_font"/>
      <key name="navigation_font_weight"/>
      <key name="navigation_font_size"/>
      <key name="text_font"/>
      <key name="text_font_weight"/>
      <key name="text_font_size"/>
      <key name="text_font_line_height"/>
      <key name="title_font"/>
      <key name="title_font_weight"/>
      <key name="h1_font_size"/>
      <key name="h1_font_line_height"/>
      <key name="h2_font_size"/>
      <key name="h2_font_line_height"/>
      <key name="h3_font_size"/>
      <key name="h3_font_line_height"/>
      <key name="h4_font_size"/>
      <key name="h4_font_line_height"/>
      <key name="h5_font_size"/>
      <key name="h5_font_line_height"/>
      <key name="h6_font_size"/>
      <key name="h6_font_line_height"/>
      <key name="title_color"/>
      <key name="link_color"/>
      <key name="text_color"/>
      <key name="copyrights_bg_color"/>
      <key name="copyrights_font_color"/>
      <key name="copyrights_font_color_active"/>
      <key name="contact_form_email"/>
      <key name="markers"/>
      <key name="marker_icon"/>
      <key name="markers_max_zoom"/>
      <key name="google_api_key"/>
      <key name="subscribe"/>
      <key name="ft_facebook"/>
      <key name="ft_twitter"/>
      <key name="ft_google"/>
      <key name="ft_youtube"/>
      <key name="ft_linkedin"/>
      <key name="ft_tumblr"/>
      <key name="ft_pinterest"/>
      <key name="ft_instagram"/>
      <key name="copyrights"/>
    </key>
  </admin-texts>
</wpml-config>